1|Aaron|Brent|Aaberg|P.O. Box 881, 5008 A Avenue|Sacramento|California|94810|United States|ullamcorper.Duis.at@Aliquamerat.edu|28|2
2|Aaron|Jamal|Aaby|Ap #391-6504 Faucibus Rd.|Gary|IN|52075|United States|Donec@Phasellus.ca|9|2
3|Abbey|Nerea|Aadland|P.O. Box 606, 5944 Purus Rd.|Norman|OK|95790|United States|Nulla.semper@noncursus.co.uk|27|2
4|Abbie|Katell|Aagaard|Ap #223-7330 Ac, Road|Lewiston|ME|72677|United States|Curabitur@ligula.ca|15|2
5|Abby|Hedda|Aakre|111-2295 Duis Road|Oklahoma City|Oklahoma|89260|United States|massa@Suspendisse.org|31|2
6|Abdul|Jessica|Aaland|Ap #290-9715 Duis St.|Augusta|ME|16524|United States|vel.nisl@commodo.co.uk|16|2
7|Abe|Illiana|Aalbers|P.O. Box 695, 882 Mauris Av.|Fort Smith|Arkansas|71628|United States|ultricies@NullafacilisiSed.ca|9|2
8|Abel|Jennifer|Aalderink|7257 Sit Rd.|South Bend|IN|70309|United States|a.aliquet@urnaNunc.ca|11|2
9|Abigail|Sylvester|Aalund|882-4269 Nec Av.|Shreveport|LA|22003|United States|vel.quam@pellentesqueegetdictum.co.uk|9|2
10|Abraham|Avye|Aamodt|861-4044 Dis Av.|Portland|Oregon|89553|United States|orci.tincidunt.adipiscing@turpisAliquamadipiscing.com|18|2
11|Abram|Maggy|Aamot|Ap #861-8605 Est, St.|Salt Lake City|Utah|11005|United States|Duis@dictumplacerataugue.co.uk|18|2
12|Ada|Cairo|Aanderud|6903 Nec Rd.|Rochester|Minnesota|92816|United States|nostra.per.inceptos@mitempor.org|19|2
13|Adah|Armand|Aanenson|850-2759 Commodo Street|Lowell|MA|19819|United States|erat.nonummy@Aliquamtincidunt.net|3|2
14|Adalberto|Jason|Aanerud|9713 Mi Road|Memphis|Tennessee|21440|United States|nisl.sem.consequat@nonhendrerit.ca|16|2
15|Adaline|Sacha|Aarant|378-5582 Molestie Rd.|Duluth|MN|45869|United States|eleifend@fames.co.uk|1|2
16|Adam|Benjamin|Aardema|375-8860 Nunc Avenue|Gulfport|MS|97233|United States|ipsum.Donec@nequepellentesque.net|10|2
17|Adam|Quintessa|Aarestad|293-4044 Nascetur Rd.|Chicago|Illinois|99749|United States|vel@purus.ca|26|2
18|Adan|Akeem|Aarhus|768 Ipsum Av.|Clarksville|Tennessee|17512|United States|dui.lectus@pharetrased.ca|23|2
19|Addie|Eagan|Aaron|Ap #602-8626 Interdum St.|Portland|OR|23975|United States|placerat.augue.Sed@Donecvitaeerat.edu|12|2
20|Adela|Wayne|Aarons|Ap #233-4385 A St.|San Diego|California|94566|United States|Sed.nunc.est@ipsumporta.org|29|2
21|Adelaida|Mannix|Aaronson|888-9766 Sem Av.|Baton Rouge|LA|93040|United States|ut.nisi@massaIntegervitae.org|6|1
22|Adelaide|Germane|Aarsvold|3513 Mattis Street|Cincinnati|OH|82088|United States|vulputate.mauris@et.co.uk|6|1
23|Adele|Carson|Aas|6652 Tincidunt Road|Huntsville|Alabama|35231|United States|at.lacus.Quisque@adipiscinglobortisrisus.ca|3|1
24|Adelia|Bertha|Aasby|Ap #196-8540 Orci, Road|Reading|Pennsylvania|60693|United States|nascetur.ridiculus@molestiearcu.com|23|1
25|Adelina|Dara|Aase|992-9025 Eu Av.|Butte|Montana|15793|United States|dictum.Phasellus.in@sagittis.org|10|1
26|Adeline|Jane|Aasen|Ap #787-4425 Ac, Avenue|College|AK|99673|United States|In@ullamcorpermagna.net|30|1
27|Adell|Sophia|Aavang|2689 Orci Rd.|Kenosha|WI|69036|United States|Quisque@nequetellusimperdiet.ca|14|1
28|Adella|Lydia|Abad|P.O. Box 671, 4666 Nec Avenue|Topeka|KS|61718|United States|at.pede.Cras@pretiumet.net|29|1
29|Adelle|Vladimir|Abadi|Ap #248-298 Sed Rd.|Mesa|AZ|86984|United States|Proin@Aliquam.net|9|1
30|Adena|Hoyt|Abadie|3846 Adipiscing Avenue|Clarksville|TN|29838|United States|nisl.Maecenas.malesuada@netus.net|4|1
31|Adina|Dorian|Abair|P.O. Box 568, 6733 Leo Avenue|Independence|MO|75516|United States|lacinia.mattis.Integer@malesuadaut.co.uk|25|1
32|Adolfo|Ryan|Abaja|468-6790 Aliquam St.|Jefferson City|Missouri|85292|United States|mattis.Integer.eu@nonbibendumsed.co.uk|10|1
33|Adolph|Steven|Abajian|7408 Vel Rd.|Saint Louis|MO|73035|United States|molestie.dapibus.ligula@liberoest.ca|4|1
34|Adria|Judith|Abalos|173-148 Tristique Rd.|Biloxi|MS|45925|United States|ligula.Nullam.enim@nec.net|25|1
35|Adrian|Darrel|Abaloz|P.O. Box 743, 184 Dui Rd.|Auburn|Maine|78374|United States|sagittis@maurisid.net|22|1
36|Adrian|Hanae|Abar|7937 Nulla Avenue|Cedar Rapids|IA|89039|United States|auctor.velit.Aliquam@etnunc.co.uk|19|1
37|Adriana|Yoko|Abarca|P.O. Box 150, 1294 Nisi. St.|San Francisco|California|96587|United States|commodo@etrisusQuisque.com|5|1
38|Adriane|Winifred|Abare|Ap #770-5043 Fames Ave|Madison|Wisconsin|93779|United States|erat@ametconsectetueradipiscing.org|4|1
39|Adrianna|Daphne|Abascal|P.O. Box 451, 2603 Et St.|Topeka|Kansas|15288|United States|massa.lobortis@vitae.ca|6|1
40|Adrianne|Ila|Abasta|755-1347 Integer Av.|Gillette|Wyoming|81405|United States|non.nisi.Aenean@dolorDonecfringilla.org|5|1
41|Adrien|Wendy|Abate|Ap #124-6691 Vitae Ave|Indianapolis|Indiana|97063|United States|In.faucibus.Morbi@actellusSuspendisse.ca|25|1
42|Adriene|Dolan|Abati|3014 Magnis Rd.|Bellevue|NE|23613|United States|Aliquam.ornare.libero@nullaInteger.ca|26|1
43|Adrienne|Imelda|Abatiell|6185 A, Road|Honolulu|Hawaii|32259|United States|felis@cursusluctusipsum.com|18|1
44|Afton|Joseph|Abato|P.O. Box 109, 7569 Ac Road|Rockville|MD|52111|United States|pharetra.Quisque.ac@ligulaNullam.org|5|1
45|Agatha|Zoe|Abatti|583-3869 Mauris Ave|Honolulu|HI|90540|United States|dolor.elit.pellentesque@egetnisidictum.ca|3|1
46|Agnes|Lacey|Abaunza|P.O. Box 399, 7372 Hendrerit St.|Norman|OK|38950|United States|ac.libero.nec@atvelit.net|31|1
47|Agnus|Patricia|Abaya|Ap #220-1957 Eu St.|Cedar Rapids|Iowa|93533|United States|vitae.orci@nunc.edu|18|1
48|Agripina|Taylor|Abbadessa|364-4993 Mollis. Road|Rockville|Maryland|13384|United States|mollis.Phasellus@interdumCurabitur.edu|25|1
49|Agueda|Beverly|Abbamonte|Ap #560-8914 Quisque Road|College|AK|99852|United States|faucibus.lectus.a@vestibulumMaurismagna.org|30|1
50|Agustin|Seth|Abbas|P.O. Box 712, 8535 Elit St.|Grand Island|NE|87080|United States|Ut.sagittis@et.net|8|1
51|Agustina|Colton|Abbasi|Ap #540-2166 Fusce St.|Bozeman|MT|30870|United States|nec.urna.et@in.ca|9|1
52|Ahmad|Madaline|Abbassi|5791 Pharetra. Ave|Bellevue|NE|98286|United States|vehicula@blanditenimconsequat.org|23|1
53|Ahmed|Berk|Abbate|Ap #855-5796 Vivamus Road|Pittsburgh|PA|78112|United States|Curabitur@mollisneccursus.co.uk|15|1
54|Ai|Delilah|Abbatiello|255-7883 Dis Ave|Oklahoma City|Oklahoma|69156|United States|neque.vitae@venenatis.co.uk|24|1
55|Aida|Kirsten|Abbay|P.O. Box 209, 6626 Blandit Av.|Lawton|OK|29950|United States|mauris@augue.ca|7|1
56|Aide|Merritt|Abbe|9375 Risus. Av.|Lincoln|NE|95249|United States|sapien.molestie.orci@Maecenaslibero.co.uk|22|1
57|Aiko|Rogan|Abbed|Ap #389-2714 Fringilla, Ave|Saint Paul|Minnesota|94286|United States|erat.in.consectetuer@nequeMorbiquis.edu|12|1
58|Aileen|September|Abbenante|9840 Montes, Rd.|Gary|Indiana|11314|United States|id@diam.ca|1|1
59|Ailene|Lee|Abbey|Ap #470-5952 Cursus St.|Evansville|Indiana|24296|United States|sagittis.semper@iaculisodioNam.co.uk|15|1
60|Aimee|Brock|Abbinanti|803-8552 Suspendisse Road|Hilo|Hawaii|52692|United States|quis.tristique.ac@venenatisa.net|19|1
61|Aisha|Aiko|Abbington|841-4203 Lorem Rd.|Shreveport|LA|33687|United States|et.ipsum@vitaedolor.edu|20|1
62|Aja|Yolanda|Abbitt|P.O. Box 767, 8514 Accumsan Rd.|San Diego|California|93211|United States|ornare@lacusMauris.com|13|1
63|Akiko|Xanthus|Abbot|3985 Porttitor Av.|Hillsboro|OR|61828|United States|ornare.egestas@Suspendissenon.co.uk|11|1
64|Akilah|Aquila|Abbott|619-9009 Est, St.|Wichita|Kansas|13540|United States|malesuada.fames.ac@liberoProin.co.uk|16|1
65|Al|Patricia|Abboud|Ap #945-2004 Libero. Av.|Waterbury|Connecticut|24657|United States|lectus.a@nonlorem.org|2|1
66|Alaina|Britanney|Abbruzzese|4858 Eu Road|Racine|Wisconsin|87316|United States|a.neque@eget.net|10|1
67|Alaine|Allistair|Abbs|Ap #237-5061 Libero St.|Independence|MO|28695|United States|dolor@sedliberoProin.net|12|1
68|Alan|Hedley|Abby|994-1045 Enim Av.|Kaneohe|Hawaii|65498|United States|malesuada@atauctor.net|26|1
69|Alana|Erin|Abdalla|274-1009 Ut St.|Tuscaloosa|AL|36067|United States|tortor.at.risus@accumsansedfacilisis.com|31|1
70|Alane|Tyrone|Abdallah|Ap #231-4754 Vehicula Rd.|Bridgeport|CT|23162|United States|ipsum.cursus@ligula.net|13|1
71|Alanna|Moana|Abdel|776-4062 Dui. Rd.|Meridian|ID|76061|United States|Proin@afacilisis.ca|9|1
72|Alayna|Devin|Abdelal|P.O. Box 141, 6763 Imperdiet Rd.|Nampa|Idaho|24232|United States|in.aliquet.lobortis@ametrisus.org|30|1
73|Alba|Burke|Abdelaziz|P.O. Box 619, 9374 Venenatis Av.|Racine|Wisconsin|43747|United States|lobortis.mauris.Suspendisse@Namacnulla.co.uk|26|1
74|Albert|Connor|Abdeldayen|Ap #684-838 Ipsum Ave|Hartford|Connecticut|89447|United States|in@id.net|5|1
75|Albert|Lyle|Abdelhamid|7297 Laoreet Ave|Sioux City|IA|21280|United States|odio.Phasellus@nibh.edu|14|1
76|Alberta|Yoko|Abdella|Ap #213-9143 Justo Rd.|Kaneohe|Hawaii|27109|United States|sed.libero.Proin@Aliquameratvolutpat.net|30|1
77|Albertha|Indigo|Abdelmuti|803-4826 Molestie St.|Billings|MT|90032|United States|Phasellus.in.felis@aenimSuspendisse.ca|29|1
78|Albertina|Kevyn|Abdelrahman|P.O. Box 736, 4579 Ante Street|Lexington|Kentucky|50970|United States|vitae@Phasellusataugue.net|22|1
79|Albertine|Kasimir|Abdelwahed|5656 Augue Rd.|Oklahoma City|OK|99889|United States|Mauris@cursusIntegermollis.ca|1|1
80|Alberto|Palmer|Abdi|245-7362 Quam St.|Kansas City|Kansas|82410|United States|lobortis.nisi.nibh@inceptos.edu|8|1
81|Albina|Lionel|Abdin|P.O. Box 685, 6659 Libero Rd.|Missoula|Montana|35585|United States|facilisis.eget@aliquam.net|1|1
82|Alda|Mari|Abdo|376-2313 Elit Rd.|Memphis|TN|37086|United States|cubilia.Curae.Donec@consectetuer.com|24|1
83|Alden|Heidi|Abdon|527 Non, Ave|Colorado Springs|Colorado|66394|United States|dolor@Vivamus.edu|24|1
84|Aldo|Plato|Abdool|Ap #687-1305 Ultricies St.|Sioux City|IA|76886|United States|elit.elit@quam.co.uk|12|1
85|Alease|Fuller|Abdou|421-416 Dolor. Road|Joliet|Illinois|55271|United States|metus@leoCras.edu|9|1
86|Alec|Ignacia|Abdul|Ap #417-2550 Mauris Rd.|North Las Vegas|NV|36907|United States|fringilla@porttitor.edu|13|1
87|Alecia|Cooper|Abdula|1464 Nullam Avenue|Baton Rouge|Louisiana|58444|United States|quis@Nullaegetmetus.ca|3|1
88|Aleen|Logan|Abdulaziz|Ap #362-7012 Auctor Street|Virginia Beach|Virginia|37435|United States|tortor.nibh@odio.com|9|1
89|Aleida|Kylee|Abdulkarim|P.O. Box 926, 4695 Pharetra. Av.|Colorado Springs|Colorado|31741|United States|facilisis@euismodet.org|16|1
90|Aleisha|Jemima|Abdulla|P.O. Box 330, 2496 Pede, St.|Dover|Delaware|19803|United States|augue@atvelitCras.edu|29|1
91|Alejandra|Delilah|Abdullah|P.O. Box 437, 2409 Suspendisse Ave|Bloomington|Minnesota|59289|United States|consequat.nec.mollis@semperpretium.ca|17|1
92|Alejandrina|Noel|Abdullai|P.O. Box 100, 5331 Sit Rd.|Green Bay|WI|28836|United States|odio@maurisIntegersem.com|19|1
93|Alejandro|Madeson|Abdulmateen|Ap #201-2314 Sagittis. Rd.|Los Angeles|CA|95144|United States|lacus.varius.et@elementumsemvitae.ca|4|1
94|Alena|Jenna|Abdulmuniem|855-6793 Orci. Avenue|Indianapolis|Indiana|34135|United States|sed.pede.nec@iaculisenim.com|30|1
95|Alene|Jarrod|Abdur|P.O. Box 754, 9877 Nonummy Rd.|Duluth|MN|41915|United States|Phasellus.elit@estvitaesodales.co.uk|22|1
96|Alesha|Charde|Abe|Ap #648-6881 Diam. Avenue|Des Moines|IA|41289|United States|auctor.odio@aliquetsem.net|27|1
97|Aleshia|Scott|Abeb|P.O. Box 417, 1110 Congue. Rd.|Cincinnati|Ohio|18371|United States|Pellentesque@tristique.org|19|1
98|Alesia|Reese|Abed|P.O. Box 721, 3667 Ornare, Rd.|Independence|Missouri|47856|United States|accumsan.interdum@liberoettristique.org|8|1
99|Alessandra|Lila|Abedelah|7063 Et Street|Broken Arrow|OK|53757|United States|libero@adipiscing.net|23|1
100|Aleta|Kuame|Abedi|7377 Laoreet, St.|Springdale|Arkansas|71850|United States|ornare.facilisis@metusurnaconvallis.net|16|1
